Year,quarter,citymarketid_1,citymarketid_2,city1,city2,airportid_1,airportid_2,airport_1,airport_2,nsmiles,passengers,fare,carrier_lg,large_ms,fare_lg,carrier_low,lf_ms,fare_low,orig.id
2024,1,33198,32575,"Kansas City, MO","Los Angeles, CA (Metropolitan Area)",13198,12892,MCI,LAX,1363,664,216.28,WN,0.3604,226.52,NK,0.298,117.31,1754
2024,1,31423,31703,"Des Moines, IA","New York City, NY (Metropolitan Area)",11423,12391,DSM,ISP,1071,0,143,F9,1,143,F9,1,143,961
2024,1,30372,31703,"Aspen, CO","New York City, NY (Metropolitan Area)",10372,12478,ASE,JFK,1750,13,624.5,AA,0.6387,572.33,AA,0.6387,572.33,217
2024,1,30977,33105,"Chicago, IL","Cincinnati, OH",13232,11193,MDW,CVG,264,91,169.61,WN,0.9832,167.32,WN,0.9832,167.32,765
2024,1,31650,30852,"Minneapolis/St. Paul, MN","Washington, DC (Metropolitan Area)",13487,10821,MSP,BWI,936,340,233.53,DL,0.5863,255.49,WN,0.3552,197.95,1105
2024,1,30977,31454,"Chicago, IL","Orlando, FL",13930,13204,ORD,MCO,1005,3241,207.12,UA,0.4586,235.71,NK,0.1213,119.85,725
2024,1,30721,32211,"Boston, MA (Metropolitan Area)","Las Vegas, NV",13296,12889,MHT,LAS,2381,26,317.04,WN,0.6807,273.07,WN,0.6807,273.07,548
2024,1,30792,32575,"Buffalo, NY","Los Angeles, CA (Metropolitan Area)",10792,14908,BUF,SNA,2218,24,367.75,WN,0.3256,306.63,WN,0.3256,306.63,657
2024,1,32467,33214,"Miami, FL (Metropolitan Area)","San Antonio, TX",13303,14683,MIA,SAT,1145,207,288.22,AA,0.7147,282.18,WN,0.1532,252.19,1447
2024,1,30397,32575,"Atlanta, GA (Metropolitan Area)","Los Angeles, CA (Metropolitan Area)",10397,10800,ATL,BUR,1947,43,322.27,WN,0.6134,250.98,WN,0.6134,250.98,249
2024,1,31603,30466,"Eugene, OR","Phoenix, AZ",11603,10466,EUG,AZA,971,66,103.23,G4,1,103.23,G4,1,103.23,1083
2024,1,30721,32575,"Boston, MA (Metropolitan Area)","Los Angeles, CA (Metropolitan Area)",14307,13891,PVD,ONT,2611,7,317.37,AA,0.5152,318.6,WN,0.1364,210.67,581
2024,1,33198,32575,"Kansas City, MO","Los Angeles, CA (Metropolitan Area)",13198,14908,MCI,SNA,1363,104,292.06,WN,0.5159,278.8,WN,0.5159,278.8,1757
2024,1,31703,32457,"New York City, NY (Metropolitan Area)","San Francisco, CA (Metropolitan Area)",11618,13796,EWR,OAK,2608,203,130.67,NK,0.9875,127.67,NK,0.9875,127.67,1161
2024,1,30977,34492,"Chicago, IL","Raleigh/Durham, NC",13930,14492,ORD,RDU,646,673,231.89,AA,0.5225,241.65,UA,0.435,216.93,799
2024,1,31703,34262,"New York City, NY (Metropolitan Area)","Palm Springs, CA",11618,14262,EWR,PSP,2381,83,434.24,UA,0.53,478.19,AA,0.3742,346.88,1222
2024,1,30466,30559,"Phoenix, AZ","Seattle, WA",14107,14747,PHX,SEA,1107,3117,203.63,AS,0.5441,209.9,WN,0.1249,182.19,297
2024,1,30647,32575,"Cleveland, OH (Metropolitan Area)","Los Angeles, CA (Metropolitan Area)",10874,12892,CAK,LAX,2073,10,331.14,AA,0.5455,369.65,UA,0.4091,288.46,415
2024,1,32575,32457,"Los Angeles, CA (Metropolitan Area)","San Francisco, CA (Metropolitan Area)",12954,14771,LGB,SFO,372,1,170.28,WN,0.8889,184.18,WN,0.8889,184.18,1571
2024,1,30194,31650,"Dallas/Fort Worth, TX","Minneapolis/St. Paul, MN",11259,13487,DAL,MSP,853,46,239.8,WN,0.9764,236.49,WN,0.9764,236.49,73
2024,1,34057,32457,"Portland, OR","San Francisco, CA (Metropolitan Area)",14057,13796,PDX,OAK,569,552,180.54,WN,0.7217,178.27,WN,0.7217,178.27,1841
2024,1,31714,31703,"Fort Myers, FL","New York City, NY (Metropolitan Area)",14635,11618,RSW,EWR,1102,1549,224.47,UA,0.7958,232.16,B6,0.1674,185.03,1275
2024,1,30721,33214,"Boston, MA (Metropolitan Area)","San Antonio, TX",14307,14683,PVD,SAT,1764,37,267.53,WN,0.4405,240.42,WN,0.4405,240.42,594
2024,1,31136,30852,"Jacksonville, FL","Washington, DC (Metropolitan Area)",12451,11278,JAX,DCA,663,501,218.64,AA,0.9015,218.61,WN,0.05,159.96,913
2024,1,32337,31703,"Indianapolis, IN","New York City, NY (Metropolitan Area)",12339,12478,IND,JFK,701,233,209.74,DL,0.4821,218.8,AA,0.4505,203.21,1357
2024,1,32457,30852,"San Francisco, CA (Metropolitan Area)","Washington, DC (Metropolitan Area)",14771,12264,SFO,IAD,2457,1205,456.48,UA,0.8842,470.49,AA,0.0223,306.53,1388
2024,1,30198,33195,"Pittsburgh, PA","Tampa, FL (Metropolitan Area)",14122,14112,PIT,PIE,878,60,93.43,G4,1,93.43,G4,1,93.43,175
2024,1,32575,33495,"Los Angeles, CA (Metropolitan Area)","New Orleans, LA",10800,13495,BUR,MSY,1670,38,269.73,WN,0.7246,245.76,WN,0.7246,245.76,1629
2024,1,30397,30977,"Atlanta, GA (Metropolitan Area)","Chicago, IL",10397,13232,ATL,MDW,606,1044,170.22,WN,0.6151,163.63,F9,0.1639,100.15,234
2024,1,34100,30466,"Philadelphia, PA","Phoenix, AZ",14100,14107,PHL,PHX,2075,910,383.11,AA,0.853,406.2,F9,0.0309,142.14,1845
2024,1,31834,32575,"Fayetteville, AR","Los Angeles, CA (Metropolitan Area)",15919,13891,XNA,ONT,1371,28,327.9,AA,0.7087,336.37,F9,0.1024,172.12,1296
2024,1,31453,31703,"Houston, TX","New York City, NY (Metropolitan Area)",12191,12953,HOU,LGA,1465,595,174.68,WN,0.985,173.34,WN,0.985,173.34,993
2024,1,31703,32457,"New York City, NY (Metropolitan Area)","San Francisco, CA (Metropolitan Area)",12391,14831,ISP,SJC,2608,0,426.75,WN,1,426.75,WN,1,426.75,1167
2024,1,32441,31703,"Jackson, WY","New York City, NY (Metropolitan Area)",12441,11618,JAC,EWR,1894,200,572.4,UA,0.9262,578.38,AA,0.0341,435.18,1371
2024,1,30194,34057,"Dallas/Fort Worth, TX","Portland, OR",11298,14057,DFW,PDX,1626,566,307.84,AA,0.538,349.12,AS,0.3171,283.52,150
2024,1,31703,32323,"New York City, NY (Metropolitan Area)","Wilmington, NC",12953,12323,LGA,ILM,522,243,182.34,AA,0.7524,182.66,DL,0.2445,181.33,1160
2024,1,32211,32575,"Las Vegas, NV","Los Angeles, CA (Metropolitan Area)",12889,14908,LAS,SNA,236,1098,155.92,WN,0.7655,176.47,NK,0.1898,88.15,1345
2024,1,30325,33667,"Denver, CO","Norfolk, VA (Metropolitan Area)",11292,14098,DEN,PHF,1553,3,315.81,AA,1,315.81,AA,1,315.81,214
2024,1,35096,30852,"Syracuse, NY","Washington, DC (Metropolitan Area)",15096,10821,SYR,BWI,298,61,182.81,WN,0.9982,182.93,WN,0.9982,182.93,1890
2024,1,30977,33214,"Chicago, IL","San Antonio, TX",13232,14683,MDW,SAT,1041,231,227.31,WN,0.9705,226.89,F9,0.0143,163.99,773
2024,1,30721,30647,"Boston, MA (Metropolitan Area)","Cleveland, OH (Metropolitan Area)",10721,11042,BOS,CLE,563,442,184.87,B6,0.5211,166.37,B6,0.5211,166.37,474
2024,1,32575,31703,"Los Angeles, CA (Metropolitan Area)","New York City, NY (Metropolitan Area)",12892,12953,LAX,LGA,2510,290,310.75,AA,0.2992,271.49,NK,0.1206,160.3,1545
2024,1,33667,33195,"Norfolk, VA (Metropolitan Area)","Tampa, FL (Metropolitan Area)",14098,15304,PHF,TPA,722,8,320.19,AA,1,320.19,AA,1,320.19,1823
2024,1,30194,31453,"Dallas/Fort Worth, TX","Houston, TX",11298,12191,DFW,HOU,247,150,228.3,AA,0.9355,230.03,AA,0.9355,230.03,67
2024,1,30647,33195,"Cleveland, OH (Metropolitan Area)","Tampa, FL (Metropolitan Area)",11042,15304,CLE,TPA,927,786,154.48,F9,0.5234,107.79,F9,0.5234,107.79,425
2024,1,31453,34057,"Houston, TX","Portland, OR",12266,14057,IAH,PDX,1844,364,310.13,UA,0.7192,328.24,NK,0.0154,145.97,1056
2024,1,30466,33192,"Phoenix, AZ","Sacramento, CA",14107,14893,PHX,SMF,647,1203,217.4,WN,0.7853,207.3,WN,0.7853,207.3,309
2024,1,30140,32575,"Albuquerque, NM","Los Angeles, CA (Metropolitan Area)",10140,13891,ABQ,ONT,677,50,259.47,WN,0.7342,251.87,WN,0.7342,251.87,23
2024,1,32575,33264,"Los Angeles, CA (Metropolitan Area)","Medford, OR",14908,13264,SNA,MFR,659,64,171.53,G4,0.5976,94.12,G4,0.5976,94.12,1618
2024,1,30466,34057,"Phoenix, AZ","Portland, OR",14107,14057,PHX,PDX,1028,1846,217.21,AS,0.4215,230.86,WN,0.3166,204.08,314
2024,1,32467,31703,"Miami, FL (Metropolitan Area)","New York City, NY (Metropolitan Area)",13303,12197,MIA,HPN,1118,85,254.57,AA,0.9391,256.23,DL,0.0389,237.53,1431
2024,1,30721,31057,"Boston, MA (Metropolitan Area)","Charlotte, NC",14307,11057,PVD,CLT,737,131,272.77,AA,0.8943,273.72,WN,0.0453,237.56,505
2024,1,31703,30852,"New York City, NY (Metropolitan Area)","Washington, DC (Metropolitan Area)",12391,10821,ISP,BWI,234,87,198.12,WN,1,198.12,WN,1,198.12,1139
2024,1,30977,34057,"Chicago, IL","Portland, OR",13930,14057,ORD,PDX,1751,500,285.17,UA,0.5061,311.59,AS,0.3832,247.68,793
2024,1,30436,30852,"Tucson, AZ","Washington, DC (Metropolitan Area)",15376,11278,TUS,DCA,1976,142,368.46,AA,0.6664,377.31,WN,0.1071,264.08,294
2024,1,32575,32457,"Los Angeles, CA (Metropolitan Area)","San Francisco, CA (Metropolitan Area)",10800,14831,BUR,SJC,372,786,176.62,WN,0.9982,176.69,WN,0.9982,176.69,1566
2024,1,30868,30852,"Columbia, SC","Washington, DC (Metropolitan Area)",10868,12264,CAE,IAD,438,56,215.36,UA,0.9412,212.22,UA,0.9412,212.22,678
2024,1,32575,34492,"Los Angeles, CA (Metropolitan Area)","Raleigh/Durham, NC",10800,14492,BUR,RDU,2239,27,311.68,WN,0.4835,280.31,WN,0.4835,280.31,1668
2024,1,30721,30994,"Boston, MA (Metropolitan Area)","Charleston, SC",14307,10994,PVD,CHS,836,145,139.79,MX,0.7252,105.1,MX,0.7252,105.1,502
2024,1,30977,31453,"Chicago, IL","Houston, TX",13232,12266,MDW,IAH,945,257,190.27,WN,0.9573,189.5,F9,0.0218,142.42,721
2024,1,31066,32457,"Columbus, OH","San Francisco, CA (Metropolitan Area)",11066,14771,CMH,SFO,2120,220,310.06,UA,0.6422,336.75,AA,0.1617,241.62,884
2024,1,32575,33214,"Los Angeles, CA (Metropolitan Area)","San Antonio, TX",12954,14683,LGB,SAT,1211,27,231.02,WN,0.9231,220.68,WN,0.9231,220.68,1606
2024,1,31703,33195,"New York City, NY (Metropolitan Area)","Tampa, FL (Metropolitan Area)",11618,15304,EWR,TPA,1055,1920,196.87,UA,0.8142,200.93,B6,0.1457,171.27,1178
2024,1,30194,30436,"Dallas/Fort Worth, TX","Tucson, AZ",11259,15376,DAL,TUS,824,35,234.66,WN,0.9714,234.4,WN,0.9714,234.4,39
2024,1,30599,33195,"Birmingham, AL","Tampa, FL (Metropolitan Area)",10599,15304,BHM,TPA,459,230,213.88,WN,0.7421,189.1,WN,0.7421,189.1,352
2024,1,32575,34314,"Los Angeles, CA (Metropolitan Area)","Provo, UT",12892,14314,LAX,PVU,569,0,65.67,G4,1,65.67,G4,1,65.67,1662
2024,1,33244,30466,"Memphis, TN","Phoenix, AZ",13244,14107,MEM,PHX,1264,236,305.59,AA,0.5969,315.29,WN,0.1952,253.08,1767
2024,1,32337,31703,"Indianapolis, IN","New York City, NY (Metropolitan Area)",12339,12197,IND,HPN,701,7,269.32,AA,0.6825,262.09,AA,0.6825,262.09,1355
2024,1,32575,34614,"Los Angeles, CA (Metropolitan Area)","Salt Lake City, UT",12954,14869,LGB,SLC,590,547,184.1,WN,0.5169,150.71,WN,0.5169,150.71,1685
2024,1,30615,30466,"El Paso, TX","Phoenix, AZ",11540,14107,ELP,PHX,347,307,193.41,WN,0.696,177.81,WN,0.696,177.81,353
2024,1,32575,34027,"Los Angeles, CA (Metropolitan Area)","West Palm Beach/Palm Beach, FL",14908,14027,SNA,PBI,2330,34,540.32,AA,0.5903,510.54,AA,0.5903,510.54,1651
2024,1,30529,32575,"Hartford, CT","Los Angeles, CA (Metropolitan Area)",10529,10800,BDL,BUR,2527,7,389.53,AA,0.6667,426.73,WN,0.25,275.27,328
2024,1,31453,33342,"Houston, TX","Milwaukee, WI",12191,13342,HOU,MKE,1004,75,203.3,WN,0.8649,202.9,F9,0.0176,96.75,1041
2024,1,32467,30198,"Miami, FL (Metropolitan Area)","Pittsburgh, PA",11697,14122,FLL,PIT,1013,725,180.88,NK,0.4621,117.36,NK,0.4621,117.36,1404
2024,1,31057,32575,"Charlotte, NC","Los Angeles, CA (Metropolitan Area)",11057,14908,CLT,SNA,2125,140,393.08,AA,0.7608,418.86,UA,0.1247,293.99,862
2024,1,30647,32457,"Cleveland, OH (Metropolitan Area)","San Francisco, CA (Metropolitan Area)",11042,14771,CLE,SFO,2187,273,326.75,UA,0.7026,359.32,AA,0.1018,259.84,408
2024,1,30194,33316,"Dallas/Fort Worth, TX","Omaha, NE",11298,13871,DFW,OMA,586,294,260.8,AA,0.9581,261.37,AA,0.9581,261.37,135
2024,1,30325,31453,"Denver, CO","Houston, TX",11292,12191,DEN,HOU,883,918,177.99,WN,0.8801,186.76,F9,0.1123,105.73,195
2024,1,30977,31650,"Chicago, IL","Minneapolis/St. Paul, MN",13930,13487,ORD,MSP,349,1165,198.97,UA,0.4765,187.3,UA,0.4765,187.3,728
2024,1,30325,32575,"Denver, CO","Los Angeles, CA (Metropolitan Area)",11292,10800,DEN,BUR,862,477,201.8,WN,0.8087,193.24,WN,0.8087,193.24,207
2024,1,32575,30559,"Los Angeles, CA (Metropolitan Area)","Seattle, WA",12954,14747,LGB,SEA,978,57,166.26,WN,0.8835,163.86,WN,0.8835,163.86,1499
2024,1,31871,31703,"Greenville/Spartanburg, SC","New York City, NY (Metropolitan Area)",11996,12478,GSP,JFK,643,12,269.6,AA,0.6216,266.02,AA,0.6216,266.02,1304
2024,1,30721,33495,"Boston, MA (Metropolitan Area)","New Orleans, LA",13296,13495,MHT,MSY,1371,16,272.53,WN,0.6301,276.71,AA,0.2466,266.42,599
2024,1,31066,32575,"Columbus, OH","Los Angeles, CA (Metropolitan Area)",11066,10800,CMH,BUR,1995,28,332.37,WN,0.6873,310.56,WN,0.6873,310.56,889
2024,1,30194,30559,"Dallas/Fort Worth, TX","Seattle, WA",11298,14747,DFW,SEA,1670,1185,282.6,AA,0.4791,301.53,AS,0.4478,267.55,46
2024,1,30189,30194,"Colorado Springs, CO","Dallas/Fort Worth, TX",11109,11259,COS,DAL,602,176,164.42,WN,1,164.42,WN,1,164.42,27
2024,1,32467,31123,"Miami, FL (Metropolitan Area)","St. Louis, MO",13303,15016,MIA,STL,1068,459,260.03,WN,0.4964,244.65,WN,0.4964,244.65,1420
2024,1,31454,32457,"Orlando, FL","San Francisco, CA (Metropolitan Area)",13204,14831,MCO,SJC,2446,178,310.17,WN,0.4966,263.38,WN,0.4966,263.38,1073
2024,1,34570,32457,"Reno, NV","San Francisco, CA (Metropolitan Area)",14570,13796,RNO,OAK,192,103,182.7,WN,1,182.7,WN,1,182.7,1870
2024,1,31703,34614,"New York City, NY (Metropolitan Area)","Salt Lake City, UT",12391,14869,ISP,SLC,2022,3,325.79,WN,1,325.79,WN,1,325.79,1249
2024,1,31057,32457,"Charlotte, NC","San Francisco, CA (Metropolitan Area)",11057,14771,CLT,SFO,2296,417,417.47,AA,0.8304,430.48,F9,0.0284,133.56,854
2024,1,30721,34027,"Boston, MA (Metropolitan Area)","West Palm Beach/Palm Beach, FL",10721,14027,BOS,PBI,1222,1704,260.74,B6,0.757,247.81,B6,0.757,247.81,610
2024,1,31123,33195,"St. Louis, MO","Tampa, FL (Metropolitan Area)",15016,15304,STL,TPA,869,549,228.46,WN,0.8775,222.11,WN,0.8775,222.11,901
2024,1,30194,31703,"Dallas/Fort Worth, TX","New York City, NY (Metropolitan Area)",11259,12391,DAL,ISP,1428,7,329.72,WN,0.9692,332.53,WN,0.9692,332.53,77
2024,1,33198,31703,"Kansas City, MO","New York City, NY (Metropolitan Area)",13198,12953,MCI,LGA,1148,641,183.26,DL,0.5648,201.5,WN,0.3748,151,1747
2024,1,30721,33667,"Boston, MA (Metropolitan Area)","Norfolk, VA (Metropolitan Area)",13296,14098,MHT,PHF,487,1,202.33,AA,1,202.33,AA,1,202.33,607
2024,1,31136,32457,"Jacksonville, FL","San Francisco, CA (Metropolitan Area)",12451,14831,JAX,SJC,2366,31,371.21,WN,0.3521,286.15,WN,0.3521,286.15,922
2024,1,30140,32575,"Albuquerque, NM","Los Angeles, CA (Metropolitan Area)",10140,10800,ABQ,BUR,677,117,209.01,WN,0.8978,207.55,NK,0.0197,110.67,20
2024,1,33044,30466,"Louisville, KY","Phoenix, AZ",14730,14107,SDF,PHX,1506,208,311.84,WN,0.6176,287.13,WN,0.6176,287.13,1693
2024,1,31703,33851,"New York City, NY (Metropolitan Area)","Oklahoma City, OK",12197,13851,HPN,OKC,1381,2,356.63,AA,0.5,345.6,AA,0.5,345.6,1208
2024,1,31714,30852,"Fort Myers, FL","Washington, DC (Metropolitan Area)",14635,10821,RSW,BWI,919,488,252.79,WN,0.9297,251.4,WN,0.9297,251.4,1270
2024,1,30194,33342,"Dallas/Fort Worth, TX","Milwaukee, WI",11298,13342,DFW,MKE,853,306,282.52,AA,0.8885,279.64,F9,0.0101,130.68,137
2024,1,33198,31703,"Kansas City, MO","New York City, NY (Metropolitan Area)",13198,12197,MCI,HPN,1148,11,261.74,AA,0.5196,229.37,AA,0.5196,229.37,1744
2024,1,35412,31703,"Knoxville, TN","New York City, NY (Metropolitan Area)",15412,12478,TYS,JFK,665,8,280.76,AA,0.5658,254.62,AA,0.5658,254.62,1900
2024,1,30397,30466,"Atlanta, GA (Metropolitan Area)","Phoenix, AZ",10397,14107,ATL,PHX,1587,1363,326.35,DL,0.51,404.26,WN,0.169,234.71,225
2024,1,31714,31703,"Fort Myers, FL","New York City, NY (Metropolitan Area)",14635,12953,RSW,LGA,1102,815,221.55,DL,0.4951,254.66,B6,0.4208,186.6,1279
2024,1,32575,32467,"Los Angeles, CA (Metropolitan Area)","Miami, FL (Metropolitan Area)",13891,11697,ONT,FLL,2343,48,354.77,AA,0.4286,356.11,WN,0.318,259.56,1585
2024,1,31295,32457,"Detroit, MI","San Francisco, CA (Metropolitan Area)",11433,13796,DTW,OAK,2079,47,295.75,WN,0.3538,305.8,NK,0.3396,192.16,946
2024,1,32575,32457,"Los Angeles, CA (Metropolitan Area)","San Francisco, CA (Metropolitan Area)",14908,14831,SNA,SJC,372,1140,205.1,WN,0.9915,205.42,WN,0.9915,205.42,1578
2024,1,32467,35249,"Miami, FL (Metropolitan Area)","Tallahassee, FL",13303,15249,MIA,TLH,402,227,210.26,AA,0.9763,208.4,AA,0.9763,208.4,1481
2024,1,30792,32467,"Buffalo, NY","Miami, FL (Metropolitan Area)",10792,11697,BUF,FLL,1185,606,217.13,B6,0.4742,221.13,WN,0.3198,208.39,651
2024,1,32575,33195,"Los Angeles, CA (Metropolitan Area)","Tampa, FL (Metropolitan Area)",12954,15304,LGB,TPA,2158,28,212.6,WN,0.9382,204.65,WN,0.9382,204.65,1601
2024,1,30615,30852,"El Paso, TX","Washington, DC (Metropolitan Area)",11540,10821,ELP,BWI,1741,76,367.26,WN,0.5601,327.69,WN,0.5601,327.69,354
2024,1,30325,32457,"Denver, CO","San Francisco, CA (Metropolitan Area)",11292,14771,DEN,SFO,967,1731,223.64,UA,0.6134,263.54,F9,0.1063,113.72,203
2024,1,30721,30647,"Boston, MA (Metropolitan Area)","Cleveland, OH (Metropolitan Area)",10721,10874,BOS,CAK,563,4,308.99,AA,0.7143,304.31,UA,0.2571,280.11,473
2024,1,31703,30852,"New York City, NY (Metropolitan Area)","Washington, DC (Metropolitan Area)",11618,12264,EWR,IAD,234,147,220.13,UA,0.9508,220.63,UA,0.9508,220.63,1137
2024,1,30466,34524,"Phoenix, AZ","Richmond, VA",14107,14524,PHX,RIC,1965,233,283.61,AA,0.3648,319.83,MX,0.21,157.57,318
2024,1,31453,30693,"Houston, TX","Nashville, TN",12266,10693,IAH,BNA,670,513,239.07,UA,0.5967,263.02,WN,0.3427,190.31,974
2024,1,32575,31650,"Los Angeles, CA (Metropolitan Area)","Minneapolis/St. Paul, MN",13891,13487,ONT,MSP,1535,61,301.5,WN,0.343,250.13,F9,0.1742,132.67,1535
2024,1,30397,31703,"Atlanta, GA (Metropolitan Area)","New York City, NY (Metropolitan Area)",10397,12478,ATL,JFK,795,991,193.51,DL,0.683,210.06,B6,0.2622,156.15,242
2024,1,30397,30194,"Atlanta, GA (Metropolitan Area)","Dallas/Fort Worth, TX",10397,11259,ATL,DAL,731,885,218.21,WN,0.7133,192.34,WN,0.7133,192.34,223
2024,1,32575,31703,"Los Angeles, CA (Metropolitan Area)","New York City, NY (Metropolitan Area)",13891,12197,ONT,HPN,2510,4,230.72,AA,0.5385,227.94,DL,0.4359,223.22,1550
2024,1,31453,30852,"Houston, TX","Washington, DC (Metropolitan Area)",12266,12264,IAH,IAD,1246,396,299.61,UA,0.9517,298.64,AA,0.0214,264.05,980
2024,1,30397,30852,"Atlanta, GA (Metropolitan Area)","Washington, DC (Metropolitan Area)",10397,11278,ATL,DCA,577,1753,229.42,DL,0.5295,275.67,WN,0.2579,152.81,232
2024,1,30194,30325,"Dallas/Fort Worth, TX","Denver, CO",11259,11292,DAL,DEN,651,1262,163.48,WN,0.9994,163.5,WN,0.9994,163.5,37
2024,1,30721,33667,"Boston, MA (Metropolitan Area)","Norfolk, VA (Metropolitan Area)",10721,14098,BOS,PHF,487,3,230.27,AA,1,230.27,AA,1,230.27,605
2024,1,31703,32457,"New York City, NY (Metropolitan Area)","San Francisco, CA (Metropolitan Area)",11618,14771,EWR,SFO,2608,2707,537.88,UA,0.8511,578.38,AS,0.1116,267.14,1162
2024,1,30194,30693,"Dallas/Fort Worth, TX","Nashville, TN",11259,10693,DAL,BNA,631,636,213.38,WN,0.9938,212.97,WN,0.9938,212.97,49
2024,1,32575,32467,"Los Angeles, CA (Metropolitan Area)","Miami, FL (Metropolitan Area)",14908,13303,SNA,MIA,2343,202,346.8,AA,0.8471,344.12,WN,0.0201,218.87,1588
2024,1,31453,30198,"Houston, TX","Pittsburgh, PA",12266,14122,IAH,PIT,1131,303,339.17,UA,0.7888,359.16,NK,0.0474,133.5,967
2024,1,30849,31703,"Bozeman, MT","New York City, NY (Metropolitan Area)",10849,12197,BZN,HPN,1902,3,673.8,AA,0.88,699,DL,0.12,489,662
2024,1,30977,30194,"Chicago, IL","Dallas/Fort Worth, TX",13232,11298,MDW,DFW,802,261,108.31,F9,0.9815,105.43,F9,0.9815,105.43,684
2024,1,30977,33192,"Chicago, IL","Sacramento, CA",13232,14893,MDW,SMF,1790,108,270.02,WN,0.9695,271.42,F9,0.0224,207.86,767
2024,1,31453,31703,"Houston, TX","New York City, NY (Metropolitan Area)",12191,12478,HOU,JFK,1465,5,269.64,DL,0.5581,327.27,AA,0.4419,196.86,992
2024,1,30423,31703,"Austin, TX","New York City, NY (Metropolitan Area)",10423,12478,AUS,JFK,1559,1320,253.04,AA,0.4409,232.05,B6,0.1379,197.47,274
2024,1,30785,31703,"Burlington, VT","New York City, NY (Metropolitan Area)",10785,12953,BTV,LGA,266,68,282.21,DL,0.9645,286.25,AA,0.0258,159.16,639
2024,1,31703,32457,"New York City, NY (Metropolitan Area)","San Francisco, CA (Metropolitan Area)",12197,14771,HPN,SFO,2608,18,312.5,DL,0.5576,371.13,AA,0.3939,215.69,1164
2024,1,31703,34262,"New York City, NY (Metropolitan Area)","Palm Springs, CA",12197,14262,HPN,PSP,2381,2,488.05,AA,0.7,464.83,AA,0.7,464.83,1223
2024,1,31123,30852,"St. Louis, MO","Washington, DC (Metropolitan Area)",15016,11278,STL,DCA,738,670,195.24,WN,0.65,180.99,WN,0.65,180.99,899
2024,1,32467,34100,"Miami, FL (Metropolitan Area)","Philadelphia, PA",13303,14100,MIA,PHL,1013,1355,250.38,AA,0.657,314.35,NK,0.1275,107.62,1467
2024,1,33105,30852,"Cincinnati, OH","Washington, DC (Metropolitan Area)",11193,10821,CVG,BWI,430,159,191.71,WN,0.88,181.3,WN,0.88,181.3,1710
2024,1,31703,34027,"New York City, NY (Metropolitan Area)","West Palm Beach/Palm Beach, FL",12478,14027,JFK,PBI,1056,1369,212.45,B6,0.711,199.92,B6,0.711,199.92,1215
2024,1,30994,30977,"Charleston, SC","Chicago, IL",10994,13930,CHS,ORD,760,323,261.21,UA,0.7246,262.5,AA,0.2237,257.59,817
2024,1,31057,30466,"Charlotte, NC","Phoenix, AZ",11057,14107,CLT,PHX,1773,806,349.2,AA,0.84,369.03,F9,0.0202,133.11,838
2024,1,30189,32575,"Colorado Springs, CO","Los Angeles, CA (Metropolitan Area)",11109,10800,COS,BUR,833,53,171.34,WN,0.6806,175.32,WN,0.6806,175.32,30
2024,1,30325,31703,"Denver, CO","New York City, NY (Metropolitan Area)",11292,12197,DEN,HPN,1659,20,270.96,DL,0.5251,294.4,AA,0.4749,245.03,198
2024,1,30977,34685,"Chicago, IL","Savannah, GA",13232,14685,MDW,SAV,773,121,209.62,WN,0.8506,218.01,G4,0.112,107.21,804
2024,1,31703,33667,"New York City, NY (Metropolitan Area)","Norfolk, VA (Metropolitan Area)",12953,13931,LGA,ORF,318,236,189.63,DL,0.5226,225.26,AA,0.4299,146.22,1205
2024,1,30849,32575,"Bozeman, MT","Los Angeles, CA (Metropolitan Area)",10849,12892,BZN,LAX,908,234,237.61,UA,0.3634,247.91,AS,0.1053,169.55,669
2024,1,30279,30194,"Amarillo, TX","Dallas/Fort Worth, TX",10279,11259,AMA,DAL,323,149,168.52,WN,0.9948,168.38,WN,0.9948,168.38,189
2024,1,31066,31703,"Columbus, OH","New York City, NY (Metropolitan Area)",11066,12391,CMH,ISP,519,7,243.48,WN,1,243.48,WN,1,243.48,878
2024,1,30647,33570,"Cleveland, OH (Metropolitan Area)","San Diego, CA",10874,14679,CAK,SAN,2045,6,490.82,UA,0.566,437.15,UA,0.566,437.15,426
2024,1,31453,32211,"Houston, TX","Las Vegas, NV",12266,12889,IAH,LAS,1235,1652,239.74,UA,0.5258,314.81,NK,0.2371,122.05,1000
2024,1,30257,30852,"Albany, NY","Washington, DC (Metropolitan Area)",10257,12264,ALB,IAD,325,38,245.08,UA,0.9971,245.05,UA,0.9971,245.05,182
2024,1,35412,33195,"Knoxville, TN","Tampa, FL (Metropolitan Area)",15412,15304,TYS,TPA,550,57,330.15,AA,0.5212,288.38,AA,0.5212,288.38,1905
2024,1,30257,30977,"Albany, NY","Chicago, IL",10257,13232,ALB,MDW,723,57,202.17,WN,0.977,200.3,WN,0.977,200.3,183
2024,1,31423,30466,"Des Moines, IA","Phoenix, AZ",11423,14107,DSM,PHX,1150,380,281.91,AA,0.8166,284.37,WN,0.1051,230.12,958
2024,1,31454,30852,"Orlando, FL","Washington, DC (Metropolitan Area)",13204,12264,MCO,IAD,787,965,205.51,UA,0.981,204.13,UA,0.981,204.13,1070
2024,1,32467,32457,"Miami, FL (Metropolitan Area)","San Francisco, CA (Metropolitan Area)",11697,14771,FLL,SFO,2585,1186,287.3,B6,0.5257,300.49,AS,0.1436,181.79,1437
2024,1,30721,30977,"Boston, MA (Metropolitan Area)","Chicago, IL",10721,13930,BOS,ORD,867,2019,201.57,UA,0.3771,211.5,B6,0.1403,156.73,495
2024,1,32575,32467,"Los Angeles, CA (Metropolitan Area)","Miami, FL (Metropolitan Area)",14908,11697,SNA,FLL,2343,68,399.05,AA,0.4344,384.07,AA,0.4344,384.07,1587
2024,1,32575,32457,"Los Angeles, CA (Metropolitan Area)","San Francisco, CA (Metropolitan Area)",12892,14771,LAX,SFO,372,3790,148.29,UA,0.3138,166.51,WN,0.1865,118.76,1568
2024,1,31066,34986,"Columbus, OH","Sarasota/Bradenton, FL",12917,14986,LCK,SRQ,869,70,103.65,G4,1,103.65,G4,1,103.65,897
2024,1,30852,34027,"Washington, DC (Metropolitan Area)","West Palm Beach/Palm Beach, FL",11278,14027,DCA,PBI,883,915,222.62,AA,0.5636,236.91,B6,0.3862,201.5,674
2024,1,30977,31295,"Chicago, IL","Detroit, MI",13930,11433,ORD,DTW,235,565,219.14,DL,0.4851,215.55,DL,0.4851,215.55,719
2024,1,31834,31703,"Fayetteville, AR","New York City, NY (Metropolitan Area)",15919,11618,XNA,EWR,1159,41,345.16,AA,0.5119,293.37,AA,0.5119,293.37,1290
2024,1,31057,30194,"Charlotte, NC","Dallas/Fort Worth, TX",11057,11298,CLT,DFW,936,1173,269.01,AA,0.8215,298.25,NK,0.1474,101.04,837
2024,1,33198,32457,"Kansas City, MO","San Francisco, CA (Metropolitan Area)",13198,14831,MCI,SJC,1499,71,294.93,WN,0.6025,279.14,WN,0.6025,279.14,1750
2024,1,30721,30325,"Boston, MA (Metropolitan Area)","Denver, CO",13296,11292,MHT,DEN,1754,26,301.71,WN,0.7215,253.68,WN,0.7215,253.68,465
2024,1,30977,32575,"Chicago, IL","Los Angeles, CA (Metropolitan Area)",13232,10800,MDW,BUR,1750,37,263.35,WN,0.9851,263.17,WN,0.9851,263.17,753
2024,1,32575,34100,"Los Angeles, CA (Metropolitan Area)","Philadelphia, PA",12892,14100,LAX,PHL,2402,1289,363.38,AA,0.7152,418.65,NK,0.19,155.79,1658
2024,1,30721,34614,"Boston, MA (Metropolitan Area)","Salt Lake City, UT",13296,14869,MHT,SLC,2105,13,315.05,WN,0.8879,296.72,WN,0.8879,296.72,626
2024,1,31703,31454,"New York City, NY (Metropolitan Area)","Orlando, FL",12478,13204,JFK,MCO,989,2477,183.99,B6,0.5482,172.67,B6,0.5482,172.67,1154
2024,1,32467,32244,"Miami, FL (Metropolitan Area)","New Haven, CT",11697,12244,FLL,HVN,1126,314,121.04,XP,1,121.04,XP,1,121.04,1435
2024,1,33495,30466,"New Orleans, LA","Phoenix, AZ",13495,14107,MSY,PHX,1300,453,291.41,WN,0.4976,262.72,WN,0.4976,262.72,1800
2024,1,31703,32457,"New York City, NY (Metropolitan Area)","San Francisco, CA (Metropolitan Area)",11618,14831,EWR,SJC,2608,38,340.83,UA,0.3324,349.29,AA,0.309,310.74,1163
2024,1,30721,34057,"Boston, MA (Metropolitan Area)","Portland, OR",10721,14057,BOS,PDX,2537,327,315.91,AS,0.5544,316.78,AS,0.5544,316.78,613
2024,1,30721,33214,"Boston, MA (Metropolitan Area)","San Antonio, TX",13296,14683,MHT,SAT,1764,14,299.43,WN,0.7953,277.51,WN,0.7953,277.51,593
2024,1,31423,31703,"Des Moines, IA","New York City, NY (Metropolitan Area)",11423,11618,DSM,EWR,1071,53,243.05,G4,0.3299,107.21,G4,0.3299,107.21,959
2024,1,31703,30436,"New York City, NY (Metropolitan Area)","Tucson, AZ",11618,15376,EWR,TUS,2142,80,447.77,AA,0.4664,414.09,AA,0.4664,414.09,1123
2024,1,32467,33342,"Miami, FL (Metropolitan Area)","Milwaukee, WI",11697,13342,FLL,MKE,1258,301,220.94,WN,0.6368,208.42,AA,0.1366,203.56,1450
2024,1,32467,31454,"Miami, FL (Metropolitan Area)","Orlando, FL",11697,13204,FLL,MCO,192,186,115.26,NK,0.5171,99.62,NK,0.5171,99.62,1421
2024,1,32467,34576,"Miami, FL (Metropolitan Area)","Rochester, NY",11697,14576,FLL,ROC,1203,167,251.08,WN,0.3765,214.5,WN,0.3765,214.5,1472
2024,1,30257,32467,"Albany, NY","Miami, FL (Metropolitan Area)",10257,11697,ALB,FLL,1225,452,204.33,B6,0.4999,202.77,AA,0.1035,176.91,185
2024,1,31986,31703,"Grand Rapids, MI","New York City, NY (Metropolitan Area)",11986,12197,GRR,HPN,656,4,216.87,AA,0.625,177.4,AA,0.625,177.4,1311
2024,1,30194,30852,"Dallas/Fort Worth, TX","Washington, DC (Metropolitan Area)",11259,10821,DAL,BWI,1217,586,213.97,WN,0.9904,213.5,WN,0.9904,213.5,51
2024,1,32575,31703,"Los Angeles, CA (Metropolitan Area)","New York City, NY (Metropolitan Area)",13891,12953,ONT,LGA,2510,146,200.42,AA,0.4962,192.1,AA,0.4962,192.1,1553
2024,1,33485,31703,"Madison, WI","New York City, NY (Metropolitan Area)",13485,11618,MSN,EWR,819,140,218.78,UA,0.8973,209.2,UA,0.8973,209.2,1796
2024,1,30721,34614,"Boston, MA (Metropolitan Area)","Salt Lake City, UT",14307,14869,PVD,SLC,2105,28,370.88,WN,0.3937,296.68,WN,0.3937,296.68,627
2024,1,32467,33667,"Miami, FL (Metropolitan Area)","Norfolk, VA (Metropolitan Area)",13303,13931,MIA,ORF,812,186,256.68,AA,0.8224,248.37,UA,0.0308,235.48,1458
2024,1,30529,32575,"Hartford, CT","Los Angeles, CA (Metropolitan Area)",10529,12892,BDL,LAX,2527,256,330.7,AA,0.3744,308.29,WN,0.1035,245.55,329
2024,1,33342,31703,"Milwaukee, WI","New York City, NY (Metropolitan Area)",13342,11618,MKE,EWR,777,202,188.91,UA,0.9019,182.95,UA,0.9019,182.95,1789
2024,1,30785,30852,"Burlington, VT","Washington, DC (Metropolitan Area)",10785,10821,BTV,BWI,441,4,338.52,DL,0.9697,337.95,DL,0.9697,337.95,634
2024,1,31703,33851,"New York City, NY (Metropolitan Area)","Oklahoma City, OK",12953,13851,LGA,OKC,1381,228,334.24,AA,0.5645,336.21,WN,0.1011,259.97,1211
2024,1,32575,33316,"Los Angeles, CA (Metropolitan Area)","Omaha, NE",13891,13871,ONT,OMA,1330,48,265.16,WN,0.5427,261.99,F9,0.1663,125.43,1622
2024,1,31295,31703,"Detroit, MI","New York City, NY (Metropolitan Area)",11433,12391,DTW,ISP,540,2,264.13,WN,1,264.13,WN,1,264.13,943
2024,1,34489,32575,"Bend/Redmond, OR","Los Angeles, CA (Metropolitan Area)",14489,14908,RDM,SNA,751,35,263.03,AS,0.4921,257.93,AS,0.4921,257.93,1860
2024,1,30194,32467,"Dallas/Fort Worth, TX","Miami, FL (Metropolitan Area)",11259,13303,DAL,MIA,1121,185,228.11,WN,0.9798,227.53,WN,0.9798,227.53,102
2024,1,32575,33667,"Los Angeles, CA (Metropolitan Area)","Norfolk, VA (Metropolitan Area)",13891,14098,ONT,PHF,2371,1,404,AA,1,404,AA,1,404,1640
2024,1,30194,33192,"Dallas/Fort Worth, TX","Sacramento, CA",11259,14893,DAL,SMF,1442,193,272.08,WN,0.9898,271.88,WN,0.9898,271.88,124
2024,1,32467,34614,"Miami, FL (Metropolitan Area)","Salt Lake City, UT",11697,14869,FLL,SLC,2088,621,299.35,DL,0.4522,364.76,B6,0.3093,234.76,1474
2024,1,32575,34433,"Los Angeles, CA (Metropolitan Area)","Santa Rosa, CA",12892,15023,LAX,STS,433,116,184.72,AS,0.9368,183.93,AS,0.9368,183.93,1665
2024,1,32467,31703,"Miami, FL (Metropolitan Area)","New York City, NY (Metropolitan Area)",11697,12197,FLL,HPN,1118,746,219.84,B6,0.9546,219.9,AA,0.0108,210.31,1426
2024,1,30194,31504,"Dallas/Fort Worth, TX","Valparaiso, FL",11259,15624,DAL,VPS,641,49,213.52,WN,0.9733,209.34,WN,0.9733,209.34,71
2024,1,31057,32575,"Charlotte, NC","Los Angeles, CA (Metropolitan Area)",11057,12892,CLT,LAX,2125,973,307.08,AA,0.6105,392.93,NK,0.2952,122.32,859
2024,1,32575,33214,"Los Angeles, CA (Metropolitan Area)","San Antonio, TX",13891,14683,ONT,SAT,1211,87,300.06,WN,0.4088,290.01,WN,0.4088,290.01,1607
2024,1,32575,32457,"Los Angeles, CA (Metropolitan Area)","San Francisco, CA (Metropolitan Area)",12954,14831,LGB,SJC,372,396,150.17,WN,0.9969,150.15,WN,0.9969,150.15,1572
2024,1,32575,33244,"Los Angeles, CA (Metropolitan Area)","Memphis, TN",12954,13244,LGB,MEM,1619,16,198.57,WN,0.8311,184.24,WN,0.8311,184.24,1611
2024,1,30647,30852,"Cleveland, OH (Metropolitan Area)","Washington, DC (Metropolitan Area)",11042,12264,CLE,IAD,314,143,214.15,UA,0.9916,214.14,UA,0.9916,214.14,383
2024,1,31986,30466,"Grand Rapids, MI","Phoenix, AZ",11986,14107,GRR,PHX,1574,258,323.73,AA,0.5256,320.18,WN,0.1463,273.77,1307
2024,1,33485,31703,"Madison, WI","New York City, NY (Metropolitan Area)",13485,12197,MSN,HPN,819,10,249.34,DL,0.5106,266.3,AA,0.4787,228.2,1797
2024,1,33044,31703,"Louisville, KY","New York City, NY (Metropolitan Area)",14730,12197,SDF,HPN,699,4,189.81,AA,0.5,174.05,AA,0.5,174.05,1698
2024,1,30647,32467,"Cleveland, OH (Metropolitan Area)","Miami, FL (Metropolitan Area)",11042,11697,CLE,FLL,1080,910,197.91,UA,0.4311,275.95,NK,0.2207,105.98,412
2024,1,32575,32457,"Los Angeles, CA (Metropolitan Area)","San Francisco, CA (Metropolitan Area)",12892,14831,LAX,SJC,372,1619,141.54,WN,0.5605,128.09,WN,0.5605,128.09,1569
2024,1,32575,33851,"Los Angeles, CA (Metropolitan Area)","Oklahoma City, OK",10800,13851,BUR,OKC,1187,32,307.6,WN,0.7211,294.85,WN,0.7211,294.85,1642
2024,1,30721,31714,"Boston, MA (Metropolitan Area)","Fort Myers, FL",10721,14635,BOS,RSW,1271,2268,263.98,B6,0.617,277.87,NK,0.1734,126.18,544
2024,1,35412,30852,"Knoxville, TN","Washington, DC (Metropolitan Area)",15412,11278,TYS,DCA,464,184,235.68,AA,0.9463,229.01,AA,0.9463,229.01,1896
2024,1,31057,32457,"Charlotte, NC","San Francisco, CA (Metropolitan Area)",11057,14831,CLT,SJC,2296,52,356,AA,0.4499,394.04,WN,0.2431,272.64,855
2024,1,32575,33316,"Los Angeles, CA (Metropolitan Area)","Omaha, NE",12954,13871,LGB,OMA,1330,31,220.12,WN,0.9439,211.58,WN,0.9439,211.58,1621
2024,1,32206,31453,"Harlingen/San Benito, TX","Houston, TX",12206,12191,HRL,HOU,295,217,125.99,WN,0.997,125.71,WN,0.997,125.71,1324
2024,1,30279,30194,"Amarillo, TX","Dallas/Fort Worth, TX",10279,11298,AMA,DFW,323,105,213.57,AA,0.9802,214.05,AA,0.9802,214.05,190
2024,1,32575,33495,"Los Angeles, CA (Metropolitan Area)","New Orleans, LA",13891,13495,ONT,MSY,1670,85,286.9,WN,0.5437,262.61,WN,0.5437,262.61,1632
2024,1,31453,32467,"Houston, TX","Miami, FL (Metropolitan Area)",12191,13303,HOU,MIA,966,218,198.17,WN,0.9874,196.03,WN,0.9874,196.03,1010
2024,1,31453,34614,"Houston, TX","Salt Lake City, UT",12266,14869,IAH,SLC,1214,671,333.03,UA,0.5238,349.01,DL,0.3711,345.71,1064
2024,1,32575,33264,"Los Angeles, CA (Metropolitan Area)","Medford, OR",12892,13264,LAX,MFR,659,88,230.68,AS,0.6205,232.33,AS,0.6205,232.33,1615
2024,1,30977,31703,"Chicago, IL","New York City, NY (Metropolitan Area)",13930,12391,ORD,ISP,773,3,249.35,WN,1,249.35,WN,1,249.35,736
2024,1,33244,30852,"Memphis, TN","Washington, DC (Metropolitan Area)",13244,10821,MEM,BWI,787,136,226.41,WN,0.6479,208.39,WN,0.6479,208.39,1768
2024,1,30615,31703,"El Paso, TX","New York City, NY (Metropolitan Area)",11540,12478,ELP,JFK,1944,40,450.82,AA,0.5765,449.57,DL,0.3005,442.55,362
2024,1,30994,30977,"Charleston, SC","Chicago, IL",10994,13232,CHS,MDW,760,154,185.69,WN,0.9821,184.5,WN,0.9821,184.5,816
2024,1,30721,33570,"Boston, MA (Metropolitan Area)","San Diego, CA",10721,14679,BOS,SAN,2588,1134,333.12,B6,0.3674,356.6,AS,0.1643,304.73,601
2024,1,31714,32575,"Fort Myers, FL","Los Angeles, CA (Metropolitan Area)",14635,10800,RSW,BUR,2238,13,315.64,AA,0.6491,346.61,WN,0.1842,280.24,1283
2024,1,31066,32467,"Columbus, OH","Miami, FL (Metropolitan Area)",11066,11697,CMH,FLL,990,717,192.32,NK,0.4626,123.77,NK,0.4626,123.77,886
2024,1,30721,33195,"Boston, MA (Metropolitan Area)","Tampa, FL (Metropolitan Area)",13296,15304,MHT,TPA,1204,125,241.55,WN,0.8095,231.11,WN,0.8095,231.11,587
2024,1,30466,34492,"Phoenix, AZ","Raleigh/Durham, NC",14107,14492,PHX,RDU,1891,445,341.28,AA,0.5903,356.73,WN,0.1868,290.19,317
2024,1,32575,34100,"Los Angeles, CA (Metropolitan Area)","Philadelphia, PA",12954,14100,LGB,PHL,2402,15,281.93,WN,0.9203,263.64,WN,0.9203,263.64,1659
2024,1,32448,30852,"Jackson/Vicksburg, MS","Washington, DC (Metropolitan Area)",12448,10821,JAN,BWI,888,103,192,WN,0.8526,176.04,WN,0.8526,176.04,1375
2024,1,32211,32575,"Las Vegas, NV","Los Angeles, CA (Metropolitan Area)",12889,12892,LAS,LAX,236,2885,142.99,WN,0.3735,130.81,WN,0.3735,130.81,1342
2024,1,30977,30852,"Chicago, IL","Washington, DC (Metropolitan Area)",13232,11278,MDW,DCA,622,576,167.29,WN,0.991,166.49,WN,0.991,166.49,707
2024,1,31135,30852,"Myrtle Beach, SC","Washington, DC (Metropolitan Area)",13577,12264,MYR,IAD,399,5,285.07,AA,0.6522,286.16,AA,0.6522,286.16,904
2024,1,30257,33195,"Albany, NY","Tampa, FL (Metropolitan Area)",10257,15304,ALB,TPA,1138,253,250.25,WN,0.7761,235.45,WN,0.7761,235.45,188
2024,1,30599,31703,"Birmingham, AL","New York City, NY (Metropolitan Area)",10599,11618,BHM,EWR,902,61,287.38,DL,0.5787,294.02,AA,0.3273,252.66,347
2024,1,33570,32457,"San Diego, CA","San Francisco, CA (Metropolitan Area)",14679,14831,SAN,SJC,447,2020,154.45,WN,0.7969,154.15,WN,0.7969,154.15,1818
2024,1,31136,32467,"Jacksonville, FL","Miami, FL (Metropolitan Area)",12451,13303,JAX,MIA,335,331,194.93,AA,0.9857,194.4,AA,0.9857,194.4,924
2024,1,32457,33195,"San Francisco, CA (Metropolitan Area)","Tampa, FL (Metropolitan Area)",13796,15304,OAK,TPA,2393,35,272.19,WN,0.8625,259.84,NK,0.0438,194.32,1398
2024,1,30977,32457,"Chicago, IL","San Francisco, CA (Metropolitan Area)",13232,14831,MDW,SJC,1855,128,275.79,WN,0.9957,275.47,WN,0.9957,275.47,745
2024,1,32211,31703,"Las Vegas, NV","New York City, NY (Metropolitan Area)",12889,11618,LAS,EWR,2282,1993,369.87,UA,0.8084,408.77,NK,0.1342,155.65,1331
2024,1,30721,31703,"Boston, MA (Metropolitan Area)","New York City, NY (Metropolitan Area)",14307,12953,PVD,LGA,209,12,247.21,DL,0.9909,247.77,DL,0.9909,247.77,543
2024,1,31703,34685,"New York City, NY (Metropolitan Area)","Savannah, GA",12391,14685,ISP,SAV,748,7,218.16,WN,1,218.16,WN,1,218.16,1254
2024,1,31057,30977,"Charlotte, NC","Chicago, IL",11057,13930,CLT,ORD,599,1024,201.81,AA,0.6485,218.38,UA,0.2594,188.19,845
2024,1,32575,34524,"Los Angeles, CA (Metropolitan Area)","Richmond, VA",10800,14524,BUR,RIC,2305,11,335.39,AA,0.5208,428.69,NK,0.1771,143.42,1673
